date,amount,category,description
2026-08-03,60.00,Metro expense,Metro to office
2026-08-03,45.00,Food item,Breakfast
2026-08-04,60.00,Metro expense,Metro to office
2026-08-04,180.00,Food item,Lunch with team
2026-08-06,250.00,Miscellaneous,Phone recharge
2026-08-08,320.50,Food item,Weekend dinner
2026-08-10,40.00,Metro expense,Metro card top-up
2026-08-12,499.00,Miscellaneous,USB cable and charger
2026-08-14,95.00,Food item,Snacks and juice
2026-08-17,60.00,Metro expense,Metro to office
2026-08-19,150.00,Food item,Lunch
2026-08-22,800.00,Miscellaneous,Gift for friend
2026-08-25,70.00,Metro expense,Metro to airport line
2026-08-28,210.00,Food item,Dinner
2026-09-01,60.00,Metro expense,Metro to office
2026-09-02,55.00,Food item,Breakfast
2026-09-03,60.00,Metro expense,Metro to office
2026-09-05,275.00,Food item,Lunch with friends
2026-09-07,1200.00,Miscellaneous,Notebook and stationery
2026-09-09,50.00,Metro expense,Metro card top-up
2026-09-11,130.00,Food item,Lunch
2026-09-13,399.00,Miscellaneous,Online course subscription
2026-09-15,60.00,Metro expense,Metro to office
2026-09-16,85.00,Food item,Tea and snacks
2026-09-19,420.00,Food item,Family dinner
2026-09-21,60.00,Metro expense,Metro to office
2026-09-23,150.00,Miscellaneous,Printing and courier
2026-09-26,100.00,Metro expense,Metro card top-up
2026-09-28,190.00,Food item,Lunch
2026-09-30,65.00,Food item,Breakfast
2026-10-01,60.00,Metro expense,Metro to office
2026-10-01,140.00,Food item,Lunch
2026-10-02,75.00,Miscellaneous,Pharmacy
